,CARR,Carrier Global Corp,29.15,,#N/A,#N/A
,OTIS,Otis Worldwide Corp,59.99,,#N/A,#N/A
,SWKS,Skyworks Solutions Inc,137.79,,#N/A,#N/A
,DPZ,"Domino's Pizza, Inc.",388.52,,#N/A,#N/A
,NOW,ServiceNow Inc,458.06,,#N/A,#N/A
,URI,"United Rentals, Inc.",176.58,,#N/A,#N/A
,CMG,"Chipotle Mexican Grill, Inc.",1267.19,,#N/A,#N/A
,MTD,Mettler-Toledo International Inc.,978.99,,#N/A,#N/A
,ABMD,"ABIOMED, Inc.",275.7,,#N/A,#N/A
,FB,"Facebook, Inc. Common Stock",266.15,,#N/A,#N/A
,CHTR,Charter Communications Inc,609.7,,#N/A,#N/A
,DE,Deere & Company,218.33,,#N/A,#N/A
,ITW,Illinois Tool Works Inc.,198.22,,#N/A,#N/A
,LIN,Linde PLC,251.25,,#N/A,#N/A
,GWW,W W Grainger Inc,354.34,,#N/A,#N/A
,APD,"Air Products & Chemicals, Inc.",303.97,,#N/A,#N/A
,EBAY,eBay Inc,52.3,,#N/A,#N/A
,BWA,BorgWarner Inc.,42.82,,#N/A,#N/A
,UNH,UnitedHealth Group Inc,308.57,,#N/A,#N/A
,FMC,FMC Corp,110.53,,#N/A,#N/A
,JBHT,J B Hunt Transport Services Inc,132.02,,#N/A,#N/A
,PGR,Progressive Corp,96.26,,#N/A,#N/A
,RMD,ResMed Inc.,174.43,,#N/A,#N/A
,HD,Home Depot Inc,280.65,,#N/A,#N/A
,DOV,Dover Corp,113.69,,#N/A,#N/A
,CAG,Conagra Brands Inc,34.59,,#N/A,#N/A
,PLD,Prologis Inc,101.95,,#N/A,#N/A
,AMGN,"Amgen, Inc.",246.75,,#N/A,#N/A
,INFO,IHS Markit Ltd,77.95,,#N/A,#N/A
,SBAC,SBA Communications Corporation,309.69,,#N/A,#N/A
,AMCR,Amcor PLC,11.15,,#N/A,#N/A
,AJG,Arthur J Gallagher & Co,102.61,,#N/A,#N/A
,MKTX,MarketAxess Holdings Inc.,461.85,,#N/A,#N/A
,NVR,"NVR, Inc.",4142.22,,#N/A,#N/A
,ABC,AmerisourceBergen Corp.,94.6,,#N/A,#N/A
,PM,Philip Morris International Inc.,81.94,,#N/A,#N/A
,ORCL,Oracle Corporation,59.46,,#N/A,#N/A
,JKHY,"Jack Henry & Associates, Inc.",158.47,,#N/A,#N/A
,RSG,"Republic Services, Inc.",96.76,,#N/A,#N/A
,ARE,Alexandria Real Estate Equities Inc,163.68,,#N/A,#N/A
,CERN,Cerner Corporation,71.94,,#N/A,#N/A
,MMM,3M Co,168.46,,#N/A,#N/A
,GILD,"Gilead Sciences, Inc.",66.34,,#N/A,#N/A
,J,Jacobs Engineering Group Inc,94.03,,#N/A,#N/A
,CL,Colgate-Palmolive Company,77.15,,#N/A,#N/A
,JNPR,"Juniper Networks, Inc.",23.12,,#N/A,#N/A
,CMCSA,Comcast Corporation,45.27,,#N/A,#N/A
,SNA,Snap-on Incorporated,152.83,,#N/A,#N/A
,TT,Trane Technologies PLC,118.99,,#N/A,#N/A
,VRSN,"Verisign, Inc.",202,,#N/A,#N/A
,AEE,Ameren Corp,76.98,,#N/A,#N/A
,MRK,"Merck & Co., Inc.",84.16,,#N/A,#N/A
,HLT,Hilton Hotels Corporation Common Stock,92.31,,#N/A,#N/A
,NOC,Northrop Grumman Corporation,338.45,,#N/A,#N/A
,NLOK,NortonLifeLock Inc,21.26,,#N/A,#N/A
,BKNG,Booking Holdings Inc,1784.59,,#N/A,#N/A
,LW,Lamb Weston Holdings Inc,65.61,,#N/A,#N/A
,RL,Ralph Lauren Corp,80.59,,#N/A,#N/A
,BK,Bank of New York Mellon Corp,35.96,,#N/A,#N/A
,DISCA,DISCOVERY COMMUNICATIONS INC. Common Stock,23.77,,#N/A,#N/A
,ETR,Entergy Corporation,96.72,,#N/A,#N/A
,SRE,Sempra Energy,119.15,,#N/A,#N/A
,T,AT&T Inc.,29.14,,#N/A,#N/A
,ED,"Consolidated Edison, Inc.",74.22,,#N/A,#N/A
,YUM,"Yum! Brands, Inc.",92.87,,#N/A,#N/A
,GD,General Dynamics Corporation,147.47,,#N/A,#N/A
,GE,General Electric Company,6.15,,#N/A,#N/A
,HST,Host Hotels and Resorts Inc,11.92,,#N/A,#N/A
,WDC,Western Digital Corp,38.94,,#N/A,#N/A
,HRB,H & R Block Inc,14.72,,#N/A,#N/A
,UAA,Under Armour Inc Class A,11.72,,#N/A,#N/A
,UA,Under Armour Inc Class C,10.3,,#N/A,#N/A
,PSX,Phillips 66,58.37,,#N/A,#N/A
,AAL,American Airlines Group Inc,13.26,,#N/A,#N/A
,UAL,United Airlines Holdings Inc,36.74,,#N/A,#N/A
,NBL,"Noble Energy, Inc.",9.13,,#N/A,#N/A
,NVDA,NVIDIA Corporation,514.89,,#N/A,#N/A
,AMD,"Advanced Micro Devices, Inc.",77.9,,#N/A,#N/A
,DXCM,"DexCom, Inc.",393.61,,#N/A,#N/A
,AAPL,Apple Inc.,115.36,,#N/A,#N/A
,REGN,Regeneron Pharmaceuticals Inc,564.2,,#N/A,#N/A
,WST,West Pharmaceutical Services Inc.,277.87,,#N/A,#N/A
,ODFL,Old Dominion Freight Line Inc,193.15,,#N/A,#N/A
,FCX,Freeport-McMoRan Inc,16.36,,#N/A,#N/A
,ALGN,"Align Technology, Inc.",323.46,,#N/A,#N/A
,LB,L Brands Inc,29.05,,#N/A,#N/A
,QRVO,Qorvo Inc,122.84,,#N/A,#N/A
,AMZN,"Amazon.com, Inc.",3102.97,,#N/A,#N/A
,PYPL,Paypal Holdings Inc,186.96,,#N/A,#N/A
,BBY,Best Buy Co Inc,107.7,,#N/A,#N/A
,FBHS,Fortune Brands Home & Security Inc,83.77,,#N/A,#N/A
,ADBE,Adobe Inc,485.91,,#N/A,#N/A
,NFLX,Netflix Inc,476.26,,#N/A,#N/A
,VAR,"Varian Medical Systems, Inc.",173.15,,#N/A,#N/A
,NEM,Newmont Corporation,67.38,,#N/A,#N/A
,ROL,"Rollins, Inc.",54.29,,#N/A,#N/A
,ADSK,"Autodesk, Inc.",229.83,,#N/A,#N/A
,CRM,"salesforce.com, inc.",246.64,,#N/A,#N/A
,ALB,Albemarle Corporation,98.17,,#N/A,#N/A
,PWR,Quanta Services Inc,52.26,,#N/A,#N/A
,ATVI,"Activision Blizzard, Inc.",79.12,,#N/A,#N/A
,ANSS,"ANSYS, Inc.",321.6,,#N/A,#N/A
,TMO,Thermo Fisher Scientific Inc.,434.1,,#N/A,#N/A
,BIO,"Bio-Rad Laboratories, Inc. Class A Common Stock",508.84,,#N/A,#N/A
,LEN,Lennar Corporation,79,,#N/A,#N/A
,QCOM,"QUALCOMM, Inc.",113.46,,#N/A,#N/A
,DVA,Davita Inc,87.79,,#N/A,#N/A
,MSFT,Microsoft Corporation,205.41,,#N/A,#N/A
,ROK,Rockwell Automation,224.66,,#N/A,#N/A
,FDX,FedEx Corporation,236.34,,#N/A,#N/A
,CDNS,Cadence Design Systems Inc,103.23,,#N/A,#N/A
,FAST,Fastenal Company,44.33,,#N/A,#N/A
,FTNT,Fortinet Inc,118.01,,#N/A,#N/A
,KSU,Kansas City Southern,187.22,,#N/A,#N/A
,MAS,Masco Corp,59.4,,#N/A,#N/A
,DHR,Danaher Corporation,207.93,,#N/A,#N/A
,LOW,Lowe`s Companies Inc,165.19,,#N/A,#N/A
,MSCI,Msci Inc,342.37,,#N/A,#N/A
,TMUS,T-Mobile Us Inc,112.27,,#N/A,#N/A
,PKI,"PerkinElmer, Inc.",117.73,,#N/A,#N/A
,VRTX,Vertex Pharmaceuticals Incorporated,264.8,,#N/A,#N/A
,SNPS,"Synopsys, Inc.",205.54,,#N/A,#N/A
,DHI,D. R. Horton Inc,72.72,,#N/A,#N/A
,KR,Kroger Co,32.84,,#N/A,#N/A
,CMI,Cummins Inc.,210.58,,#N/A,#N/A
,CTXS,"Citrix Systems, Inc.",135.4,,#N/A,#N/A
,ISRG,"Intuitive Surgical, Inc.",716.34,,#N/A,#N/A
,MNST,Monster Beverage Corp,82.89,,#N/A,#N/A
,A,Agilent Technologies Inc,99.42,,#N/A,#N/A
,HUM,Humana Inc,403.63,,#N/A,#N/A
,NKE,Nike Inc,119.28,,#N/A,#N/A
,TGT,Target Corporation,148.44,,#N/A,#N/A
,LRCX,Lam Research Corporation,305.42,,#N/A,#N/A
,TIF,Tiffany & Co.,113.19,,#N/A,#N/A
,TSCO,Tractor Supply Company,138.14,,#N/A,#N/A
,ABBV,AbbVie Inc,90.49,,#N/A,#N/A
,CPRT,"Copart, Inc.",103.86,,#N/A,#N/A
,UPS,"United Parcel Service, Inc.",160.14,,#N/A,#N/A
,IPGP,IPG Photonics Corporation,162.88,,#N/A,#N/A
,SPGI,S&P Global Inc,353.09,,#N/A,#N/A
,SHW,Sherwin-Williams Co,717.6,,#N/A,#N/A
,MCO,Moody's Corporation,288.68,,#N/A,#N/A
,BF.B,Brown-Forman Corporation Class B,79.49,,#N/A,#N/A
,PHM,"PulteGroup, Inc.",45.67,,#N/A,#N/A
,EA,Electronic Arts Inc.,126.18,,#N/A,#N/A
,EQIX,Equinix Inc,756.04,,#N/A,#N/A
,CLX,Clorox Co,217.46,,#N/A,#N/A
,CAT,Caterpillar Inc.,153.51,,#N/A,#N/A
,AVGO,Broadcom Inc,362.2,,#N/A,#N/A
,IR,Ingersoll Rand Inc,36.32,,#N/A,#N/A
,SIVB,SVB Financial Group,250.68,,#N/A,#N/A
,STT,State Street Corp,64.43,,#N/A,#N/A
,ETN,Eaton Corporation PLC,103.18,,#N/A,#N/A
,PCAR,PACCAR Inc,86.36,,#N/A,#N/A
,GOOG,Alphabet Inc Class C,1519.28,,#N/A,#N/A
,BLK,"BlackRock, Inc.",547.38,,#N/A,#N/A
,LLY,Eli Lilly And Co,149,,#N/A,#N/A
,PH,Parker-Hannifin Corp,211.44,,#N/A,#N/A
,GOOGL,Alphabet Inc Class A,1508.83,,#N/A,#N/A
,DG,Dollar General Corp.,202.11,,#N/A,#N/A
,EXPD,Expeditors International of Wshngtn Inc,91.21,,#N/A,#N/A
,ILMN,"Illumina, Inc.",353.65,,#N/A,#N/A
,WHR,Whirlpool Corporation,177.8,,#N/A,#N/A
,HOLX,"Hologic, Inc.",60.65,,#N/A,#N/A
,IDXX,"IDEXX Laboratories, Inc.",365.56,,#N/A,#N/A
,ETFC,E*TRADE Financial Corp,53,,#N/A,#N/A
,NSC,Norfolk Southern Corp.,220.29,,#N/A,#N/A
,TYL,"Tyler Technologies, Inc.",330.05,,#N/A,#N/A
,NDAQ,Nasdaq Inc,126.99,,#N/A,#N/A
,ZBRA,Zebra Technologies Corp.,251.26,,#N/A,#N/A
,PNR,Pentair PLC,44.8,,#N/A,#N/A
,ZTS,Zoetis Inc,160.86,,#N/A,#N/A
,ABT,Abbott Laboratories,105.69,,#N/A,#N/A
,EMN,Eastman Chemical Company,81,,#N/A,#N/A
,BIIB,Biogen Inc,278.29,,#N/A,#N/A
,LKQ,LKQ Corporation,32.34,,#N/A,#N/A
,ORLY,O'Reilly Automotive Inc,478.12,,#N/A,#N/A
,CTAS,Cintas Corporation,327.81,,#N/A,#N/A
,ADM,Archer-Daniels-Midland Co,47.5,,#N/A,#N/A
,SWK,"Stanley Black & Decker, Inc.",162.35,,#N/A,#N/A
,NEE,NextEra Energy Inc,281.92,,#N/A,#N/A
,GRMN,Garmin Ltd.,99.7,,#N/A,#N/A
,KMX,"CarMax, Inc",104.8,,#N/A,#N/A
,UNP,Union Pacific Corporation,198.84,,#N/A,#N/A
,MS,Morgan Stanley,51.15,,#N/A,#N/A
,BMY,Bristol-Myers Squibb Co,59.7,,#N/A,#N/A
,MXIM,Maxim Integrated Products Inc.,66.35,,#N/A,#N/A
,CNC,Centene Corp,58.22,,#N/A,#N/A
,LEG,"Leggett & Platt, Inc.",44.63,,#N/A,#N/A
,APH,Amphenol Corporation,106.78,,#N/A,#N/A
,KHC,Kraft Heinz Co,31.87,,#N/A,#N/A
,FRC,First Republic Bank,107.9,,#N/A,#N/A
,MKC,"McCormick & Company, Incorporated",200.1,,#N/A,#N/A
,CHRW,CH Robinson Worldwide Inc,100.71,,#N/A,#N/A
,ACN,Accenture Plc,238.83,,#N/A,#N/A
,AME,"AMETEK, Inc.",101.39,,#N/A,#N/A
,AMP,"Ameriprise Financial, Inc.",156.03,,#N/A,#N/A
,AKAM,"Akamai Technologies, Inc.",108.19,,#N/A,#N/A
,DOW,Dow Inc,50.09,,#N/A,#N/A
,WMT,Walmart Inc,137.32,,#N/A,#N/A
,MCHP,Microchip Technology Inc.,102.21,,#N/A,#N/A
,GLW,Corning Incorporated,32.74,,#N/A,#N/A
,MA,Mastercard Inc,338.6,,#N/A,#N/A
,HBI,Hanesbrands Inc.,15.78,,#N/A,#N/A
,MMC,"Marsh & McLennan Companies, Inc.",117.8,,#N/A,#N/A
,TTWO,"TAKE-TWO INTERACTIVE SOFTWARE, INC Common Stock",156.48,,#N/A,#N/A
,HRL,Hormel Foods Corp,50.25,,#N/A,#N/A
,CSX,CSX Corporation,78.96,,#N/A,#N/A
,EMR,Emerson Electric Co.,68.19,,#N/A,#N/A
,CHD,"Church & Dwight Co., Inc.",92.72,,#N/A,#N/A
,COST,Costco Wholesale Corporation,342.92,,#N/A,#N/A
,AES,AES Corp,17.95,,#N/A,#N/A
,DLR,"Digital Realty Trust, Inc.",144.28,,#N/A,#N/A
,AMAT,"Applied Materials, Inc.",56.46,,#N/A,#N/A
,PPG,"PPG Industries, Inc.",130.21,,#N/A,#N/A
,JNJ,Johnson & Johnson,148.35,,#N/A,#N/A
,KLAC,KLA Corp,178.08,,#N/A,#N/A
,TROW,T. Rowe Price Group Inc,127.41,,#N/A,#N/A
,PG,Procter & Gamble Co,138.63,,#N/A,#N/A
,XYL,Xylem Inc,84.21,,#N/A,#N/A
,IEX,IDEX Corporation,184.1,,#N/A,#N/A
,VRSK,"Verisk Analytics, Inc.",185.08,,#N/A,#N/A
,EW,Edwards Lifesciences Corp,82.95,,#N/A,#N/A
,FTV,Fortive Corp,77.63,,#N/A,#N/A
,TXN,Texas Instruments Incorporated,138.53,,#N/A,#N/A
,V,Visa Inc,204.98,,#N/A,#N/A
,AZO,"AutoZone, Inc.",1241.66,,#N/A,#N/A
,CAH,Cardinal Health Inc,47.05,,#N/A,#N/A
,HCA,HCA Healthcare Inc,135.72,,#N/A,#N/A
,EFX,Equifax Inc.,163.32,,#N/A,#N/A
,NWSA,News Corp Class A,15.31,,#N/A,#N/A
,DRE,Duke Realty Corp,37.9,,#N/A,#N/A
,CTSH,Cognizant Technology Solutions Corp,69.29,,#N/A,#N/A
,IFF,International Flavors & Fragrances Inc,122.98,,#N/A,#N/A
,INTU,Intuit Inc.,318.31,,#N/A,#N/A
,GPC,Genuine Parts Company,103.02,,#N/A,#N/A
,ALXN,"Alexion Pharmaceuticals, Inc.",108.72,,#N/A,#N/A
,ROP,Roper Technologies Inc,396.26,,#N/A,#N/A
,AAP,"Advance Auto Parts, Inc.",157.31,,#N/A,#N/A
,INCY,Incyte Corporation,93.15,,#N/A,#N/A
,TEL,TE Connectivity Ltd,99.58,,#N/A,#N/A
,CI,Cigna Corp,171.85,,#N/A,#N/A
,COO,Cooper Companies Inc,334.55,,#N/A,#N/A
,AWK,American Water Works Company Inc,142.88,,#N/A,#N/A
,PAYC,Paycom Software Inc,272.64,,#N/A,#N/A
,BRK.B,Berkshire Hathaway Inc. Class B,219.94,,#N/A,#N/A
,LH,Laboratory Corp. of America Holdings,183.13,,#N/A,#N/A
,MCK,McKesson Corporation,150.9,,#N/A,#N/A
,NWS,News Corp Class B,15.2,,#N/A,#N/A
,DGX,Quest Diagnostics Inc,112.72,,#N/A,#N/A
,GIS,"General Mills, Inc.",58.76,,#N/A,#N/A
,WY,Weyerhaeuser Co,28.93,,#N/A,#N/A
,EL,Estee Lauder Companies Inc,217.41,,#N/A,#N/A
,CCI,Crown Castle International Corp,160.16,,#N/A,#N/A
,NWL,Newell Brands Inc,17.83,,#N/A,#N/A
,COG,Cabot Oil & Gas Corporation,18.61,,#N/A,#N/A
,ADI,"Analog Devices, Inc.",114.62,,#N/A,#N/A
,AOS,A. O. Smith Corp,49.86,,#N/A,#N/A
,GPS,Gap Inc,17.31,,#N/A,#N/A
,STE,Steris PLC,167.17,,#N/A,#N/A
,AVY,Avery Dennison Corp,121.81,,#N/A,#N/A
,HPQ,HP Inc,19.33,,#N/A,#N/A
,PKG,Packaging Corp Of America,105.93,,#N/A,#N/A
,SJM,J M Smucker Co,113.46,,#N/A,#N/A
,FIS,Fidelity National Information Servcs Inc,146.23,,#N/A,#N/A
,WLTW,Willis Towers Watson PLC,206.2,,#N/A,#N/A
,PRGO,Perrigo Company PLC,50.14,,#N/A,#N/A
,XEL,Xcel Energy Inc,69.54,,#N/A,#N/A
,AMT,American Tower Corp,253.9,,#N/A,#N/A
,KMB,Kimberly Clark Corp,148.5,,#N/A,#N/A
,INTC,Intel Corporation,49.41,,#N/A,#N/A
,ICE,Intercontinental Exchange Inc,100.46,,#N/A,#N/A
,BR,"Broadridge Financial Solutions, Inc.",136.03,,#N/A,#N/A
,AON,Aon PLC,201.96,,#N/A,#N/A
,HSIC,"Henry Schein, Inc.",63.73,,#N/A,#N/A
,APTV,Aptiv PLC,85.89,,#N/A,#N/A
,IQV,Iqvia Holdings Inc,161.65,,#N/A,#N/A
,MDLZ,MONDELEZ INTERNATIONAL INC Common Stock,58.01,,#N/A,#N/A
,VZ,Verizon Communications Inc.,60.32,,#N/A,#N/A
,CTVA,Corteva Inc,28.97,,#N/A,#N/A
,ALLE,Allegion PLC,99.14,,#N/A,#N/A
,K,Kellogg Company,65.42,,#N/A,#N/A
,TFX,Teleflex Incorporated,371.88,,#N/A,#N/A
,WAB,Westinghouse Air Brake Technologies Corp,68,,#N/A,#N/A
,MU,"Micron Technology, Inc.",49.03,,#N/A,#N/A
,IP,International Paper Co,40.79,,#N/A,#N/A
,BLL,Ball Corporation,83.28,,#N/A,#N/A
,MOS,Mosaic Co,18.13,,#N/A,#N/A
,HON,Honeywell International Inc.,168.47,,#N/A,#N/A
,DISH,DISH Network Corp,32.66,,#N/A,#N/A
,TDY,Teledyne Technologies Incorporated,321.74,,#N/A,#N/A
,LMT,Lockheed Martin Corporation,393.75,,#N/A,#N/A
,D,Dominion Energy Inc,80.73,,#N/A,#N/A
,GS,Goldman Sachs Group Inc,201.34,,#N/A,#N/A
,LDOS,Leidos Holdings Inc,88.34,,#N/A,#N/A
,ES,Eversource Energy,82.91,,#N/A,#N/A
,WU,The Western Union Company,22.57,,#N/A,#N/A
,MCD,Mcdonald's Corp,220.56,,#N/A,#N/A
,CPB,Campbell Soup Company,45.82,,#N/A,#N/A
,ANTM,Anthem Inc,265.6,,#N/A,#N/A
,ZBH,Zimmer Biomet Holdings Inc,140.59,,#N/A,#N/A
,PFE,Pfizer Inc.,37.01,,#N/A,#N/A
,TJX,TJX Companies Inc,55.47,,#N/A,#N/A
,SEE,Sealed Air Corp,39.27,,#N/A,#N/A
,ECL,Ecolab Inc.,204.89,,#N/A,#N/A
,GPN,Global Payments Inc,170.19,,#N/A,#N/A
,LYB,LyondellBasell Industries NV,76.49,,#N/A,#N/A
,RHI,Robert Half International Inc.,53.5,,#N/A,#N/A
,JCI,Johnson Controls International PLC,42.51,,#N/A,#N/A
,MO,Altria Group Inc,43,,#N/A,#N/A
,PEP,"PepsiCo, Inc.",136.67,,#N/A,#N/A
,WRK,Westrock Co,34.34,,#N/A,#N/A
,XLNX,"Xilinx, Inc.",101.72,,#N/A,#N/A
,WEC,WEC Energy Group Inc,97.18,,#N/A,#N/A
,MDT,Medtronic PLC,106.97,,#N/A,#N/A
,KEYS,Keysight Technologies Inc,94.23,,#N/A,#N/A
,LNT,Alliant Energy Corporation,52.33,,#N/A,#N/A
,BSX,Boston Scientific Corporation,41.12,,#N/A,#N/A
,DIS,Walt Disney Co,131.25,,#N/A,#N/A
,ULTA,Ulta Beauty Inc,234.14,,#N/A,#N/A
,WAT,Waters Corporation,205.28,,#N/A,#N/A
,AIZ,"Assurant, Inc.",119.45,,#N/A,#N/A
,CDW,CDW common stock,113.15,,#N/A,#N/A
,RJF,"Raymond James Financial, Inc.",75.98,,#N/A,#N/A
,LVS,Las Vegas Sands Corp.,53.1,,#N/A,#N/A
,IT,Gartner Inc,132.56,,#N/A,#N/A
,CE,Celanese Corporation,109.41,,#N/A,#N/A
,BDX,Becton Dickinson and Co,235.9,,#N/A,#N/A
,BAX,Baxter International Inc,83.19,,#N/A,#N/A
,WM,"Waste Management, Inc.",116.36,,#N/A,#N/A
,CMS,CMS Energy Corporation,61.42,,#N/A,#N/A
,NUE,Nucor Corporation,46.73,,#N/A,#N/A
,CVS,CVS Health Corp,57.97,,#N/A,#N/A
,TDG,TransDigm Group Incorporated,507.3,,#N/A,#N/A
,BAC,Bank of America Corp,25.75,,#N/A,#N/A
,STX,Seagate Technology PLC,47.65,,#N/A,#N/A
,FFIV,"F5 Networks, Inc.",121.64,,#N/A,#N/A
,JPM,JPMorgan Chase & Co.,102.47,,#N/A,#N/A
,NTAP,NetApp Inc.,45.38,,#N/A,#N/A
,SCHW,Charles Schwab Corporation Common Stock,35.73,,#N/A,#N/A
,TWTR,Twitter Inc,38.77,,#N/A,#N/A
,PPL,PPL Corp,27.92,,#N/A,#N/A
,SYK,Stryker Corporation,205.51,,#N/A,#N/A
,PAYX,"Paychex, Inc.",77.62,,#N/A,#N/A
,CTL,Centurylink Inc,10.87,,#N/A,#N/A
,GL,Globe Life Inc,83.23,,#N/A,#N/A
,KO,Coca-Cola Co,50.71,,#N/A,#N/A
,NTRS,Northern Trust Corporation,80.5,,#N/A,#N/A
,IRM,Iron Mountain Inc,28.96,,#N/A,#N/A
,ALL,Allstate Corp,94.95,,#N/A,#N/A
,HSY,Hershey Co,144.5,,#N/A,#N/A
,ANET,Arista Networks Inc,205.53,,#N/A,#N/A
,EXR,"Extra Space Storage, Inc.",111.33,,#N/A,#N/A
,MAA,Mid-America Apartment Communities Inc,119.65,,#N/A,#N/A
,STZ,"Constellation Brands, Inc. Class A",195.31,,#N/A,#N/A
,IBM,IBM Common Stock,122.09,,#N/A,#N/A
,CBRE,CBRE Group Inc,48.78,,#N/A,#N/A
,PVH,PVH Corp,71.4,,#N/A,#N/A
,DTE,DTE Energy Co,120.38,,#N/A,#N/A
,TXT,Textron Inc.,39.33,,#N/A,#N/A
,DUK,Duke Energy Corp,84.38,,#N/A,#N/A
,DLTR,"Dollar Tree, Inc.",88.92,,#N/A,#N/A
,SBUX,Starbucks Corporation,86.63,,#N/A,#N/A
,WRB,W. R. Berkley Corp,63.85,,#N/A,#N/A
,FISV,Fiserv Inc,97.17,,#N/A,#N/A
,AXP,American Express Company,107.27,,#N/A,#N/A
,VMC,Vulcan Materials Company,130.34,,#N/A,#N/A
,PNC,PNC Financial Services Group Inc,114.18,,#N/A,#N/A
,MET,Metlife Inc,38.84,,#N/A,#N/A
,DD,DuPont de Nemours Inc,59.43,,#N/A,#N/A
,IPG,Interpublic Group of Companies Inc,18.16,,#N/A,#N/A
,FOX,Fox Corp Class B,28.7,,#N/A,#N/A
,PRU,Prudential Financial Inc,69.76,,#N/A,#N/A
,SO,Southern Co,52.86,,#N/A,#N/A
,VFC,VF Corp,73.21,,#N/A,#N/A
,MSI,Motorola Solutions Inc,156,,#N/A,#N/A
,LHX,L3Harris Technologies Inc,181.63,,#N/A,#N/A
,ROST,"Ross Stores, Inc.",93.77,,#N/A,#N/A
,WMB,Williams Companies Inc,20.85,,#N/A,#N/A
,NRG,NRG Energy Inc,31.54,,#N/A,#N/A
,FOXA,Fox Corp Class A,28.66,,#N/A,#N/A
,CSCO,"Cisco Systems, Inc.",40.37,,#N/A,#N/A
,PEG,Public Service Enterprise Group Inc.,52.48,,#N/A,#N/A
,RE,Everest Re Group Ltd,209.7,,#N/A,#N/A
,XRAY,DENTSPLY SIRONA Inc,45.9,,#N/A,#N/A
,AEP,American Electric Power Company Inc,80.34,,#N/A,#N/A
,MHK,"Mohawk Industries, Inc.",100.46,,#N/A,#N/A
,PSA,Public Storage,224.74,,#N/A,#N/A
,O,Realty Income Corp,65.5,,#N/A,#N/A
,MGM,MGM Resorts International,23.06,,#N/A,#N/A
,SYY,SYSCO Corporation,64.57,,#N/A,#N/A
,LYV,"Live Nation Entertainment, Inc.",58.66,,#N/A,#N/A
,ATO,Atmos Energy Corporation,93.32,,#N/A,#N/A
,COF,Capital One Financial Corp.,74.64,,#N/A,#N/A
,GM,General Motors Company,31.18,,#N/A,#N/A
,CFG,Citizens Financial Group Inc,27.99,,#N/A,#N/A
,TFC,Truist Financial Corp,39.76,,#N/A,#N/A
,FITB,Fifth Third Bancorp,22.26,,#N/A,#N/A
,DISCK,Discovery Inc Series C,21.59,,#N/A,#N/A
,SYF,Synchrony Financial,26.96,,#N/A,#N/A
,RF,Regions Financial Corp,12.06,,#N/A,#N/A
,MLM,"Martin Marietta Materials, Inc.",216.48,,#N/A,#N/A
,C,Citigroup Inc,48.15,,#N/A,#N/A
,MAR,Marriott International Inc,104.68,,#N/A,#N/A
,ADP,Automatic Data Processing Inc,136.57,,#N/A,#N/A
,MYL,Mylan NV,15.77,,#N/A,#N/A
,EVRG,Evergy Inc,52.79,,#N/A,#N/A
,ZION,Zions Bancorporation NA,32.27,,#N/A,#N/A
,TPR,Tapestry Inc,17.52,,#N/A,#N/A
,FLT,"FleetCor Technologies, Inc.",235.04,,#N/A,#N/A
,PEAK,Healthpeak Properties Inc,28.76,,#N/A,#N/A
,PFG,Principal Financial Group Inc,41.32,,#N/A,#N/A
,WYNN,"Wynn Resorts, Limited",83.8,,#N/A,#N/A
,BEN,"Franklin Resources, Inc.",20.37,,#N/A,#N/A
,UHS,"Universal Health Services, Inc. Class B",116.88,,#N/A,#N/A
,F,Ford Motor Company,7.12,,#N/A,#N/A
,TRV,Travelers Companies Inc,114.46,,#N/A,#N/A
,KEY,KeyCorp,12.81,,#N/A,#N/A
,CB,Chubb Ltd,120.88,,#N/A,#N/A
,HAL,Halliburton Company,14.33,,#N/A,#N/A
,LUV,Southwest Airlines Co,40.06,,#N/A,#N/A
,PXD,Pioneer Natural Resources Co,93.35,,#N/A,#N/A
,HBAN,Huntington Bancshares Incorporated,10.12,,#N/A,#N/A
,CME,CME Group Inc,166.08,,#N/A,#N/A
,EXC,Exelon Corporation,36.26,,#N/A,#N/A
,RTX,Raytheon Technologies Corp,61.97,,#N/A,#N/A
,CBOE,Cboe Global Markets Inc,89.94,,#N/A,#N/A
,PNW,Pinnacle West Capital Corporation,72.09,,#N/A,#N/A
,EXPE,Expedia Group Inc,95.92,,#N/A,#N/A
,L,Loews Corporation,36.1,,#N/A,#N/A
,NI,NiSource Inc.,22.38,,#N/A,#N/A
,UNM,Unum Group,18.83,,#N/A,#N/A
,DRI,"Darden Restaurants, Inc.",91.61,,#N/A,#N/A
,AFL,AFLAC Incorporated,37.07,,#N/A,#N/A
,HAS,"Hasbro, Inc.",77.18,,#N/A,#N/A
,PBCT,"People's United Financial, Inc.",10.59,,#N/A,#N/A
,MTB,M&T Bank Corporation,104.24,,#N/A,#N/A
,VIAC,CBS Corporation Common Stock,29.73,,#N/A,#N/A
,HII,Huntington Ingalls Industries Inc,146.85,,#N/A,#N/A
,NLSN,Nielsen Holdings PLC,15.36,,#N/A,#N/A
,CF,"CF Industries Holdings, Inc.",33.69,,#N/A,#N/A
,USB,U.S. Bancorp,37.87,,#N/A,#N/A
,FLIR,"FLIR Systems, Inc.",35.08,,#N/A,#N/A
,AVB,AvalonBay Communities Inc,154.56,,#N/A,#N/A
,DFS,Discover Financial Services,57.99,,#N/A,#N/A
,OMC,Omnicom Group Inc.,53.83,,#N/A,#N/A
,UDR,"UDR, Inc.",35.19,,#N/A,#N/A
,EIX,Edison International,51.65,,#N/A,#N/A
,IVZ,Invesco Ltd.,10.68,,#N/A,#N/A
,WBA,Walgreens Boots Alliance Inc,35.11,,#N/A,#N/A
,CNP,CenterPoint Energy Inc,19.54,,#N/A,#N/A
,HWM,Howmet Aerospace Inc,18.39,,#N/A,#N/A
,HPE,Hewlett Packard Enterprise Co,9.37,,#N/A,#N/A
,HES,Hess Corp.,43.84,,#N/A,#N/A
,TSN,"Tyson Foods, Inc.",65.31,,#N/A,#N/A
,CINF,Cincinnati Financial Corporation,77.67,,#N/A,#N/A
,AIV,Apartment Investment and Management Co,37.48,,#N/A,#N/A
,FLS,Flowserve Corp,28.24,,#N/A,#N/A
,RCL,Royal Caribbean Cruises Ltd,70.94,,#N/A,#N/A
,TAP,Molson Coors Beverage Co Class B,35.01,,#N/A,#N/A
,CVX,Chevron Corporation,77.29,,#N/A,#N/A
,ALK,"Alaska Air Group, Inc.",41.51,,#N/A,#N/A
,LNC,Lincoln National Corporation,35.34,,#N/A,#N/A
,CMA,Comerica Incorporated,41,,#N/A,#N/A
,ESS,Essex Property Trust Inc,222.39,,#N/A,#N/A
,HIG,Hartford Financial Services Group Inc,38.89,,#N/A,#N/A
,XRX,Xerox Holdings Corp,19.23,,#N/A,#N/A
,CXO,Concho Resources Inc,47,,#N/A,#N/A
,BXP,"Boston Properties, Inc.",85.91,,#N/A,#N/A
,WELL,Welltower Inc,60.12,,#N/A,#N/A
,EQR,Equity Residential,56.93,,#N/A,#N/A
,KMI,Kinder Morgan Inc,13.06,,#N/A,#N/A
,COP,ConocoPhillips,33.52,,#N/A,#N/A
,FE,FirstEnergy Corp.,29.66,,#N/A,#N/A
,BKR,Baker Hughes Co,14.63,,#N/A,#N/A
,MPC,Marathon Petroleum Corp,32.02,,#N/A,#N/A
,KIM,Kimco Realty Corp,12.37,,#N/A,#N/A
,VLO,Valero Energy Corporation,47.51,,#N/A,#N/A
,DXC,DXC Technology Co,20.19,,#N/A,#N/A
,REG,Regency Centers Corp,40.04,,#N/A,#N/A
,VTR,"Ventas, Inc.",45.48,,#N/A,#N/A
,FRT,Federal Realty Investment Trust,80.52,,#N/A,#N/A
,SLB,Schlumberger NV,18.03,,#N/A,#N/A
,SLG,SL Green Realty Corp,47.57,,#N/A,#N/A
,APA,Apache Corporation,11.93,,#N/A,#N/A
,DAL,"Delta Air Lines, Inc.",32.82,,#N/A,#N/A
,VNO,Vornado Realty Trust,35.28,,#N/A,#N/A
,NOV,"National-Oilwell Varco, Inc.",11.3,,#N/A,#N/A
,AIG,American International Group Inc,29.4,,#N/A,#N/A
,XOM,Exxon Mobil Corporation,36.66,,#N/A,#N/A
,EOG,EOG Resources Inc,39.17,,#N/A,#N/A
,WFC,Wells Fargo & Co,24.81,,#N/A,#N/A
,HFC,HollyFrontier Corp,21.71,,#N/A,#N/A
,KSS,Kohl's Corporation,23.37,,#N/A,#N/A
,BA,Boeing Co,165.35,,#N/A,#N/A
,SPG,Simon Property Group Inc,67.8,,#N/A,#N/A
,DVN,Devon Energy Corp,9.12,,#N/A,#N/A
,CCL,Carnival Corp,17.85,,#N/A,#N/A
,COTY,Coty Inc,3.39,,#N/A,#N/A
,MRO,Marathon Oil Corporation,4.4,,#N/A,#N/A
,OKE,"ONEOK, Inc.",27.3,,#N/A,#N/A
,NCLH,Norwegian Cruise Line Holdings Ltd,17.79,,#N/A,#N/A
,FANG,Diamondback Energy Inc,31.06,,#N/A,#N/A
,FTI,TechnipFMC PLC,6.75,,#N/A,#N/A
,OXY,Occidental Petroleum Corporation,10.17,,#N/A,#N/A
,,,,,,
,,,,,,
9/15/2019,,,,,,